Alister,Seleway,2021.46,Human Resources,52
Inger,Chrystie,1742.0,Services,41
Mehetabel,Philippon,1835.3,Services,50
Livy,Ferrandez,1741.45,Services,52
Andres,Huck,1361.1,Research and Development,42
Mollee,Axon,1216.1,Accounting,44
Corilla,Loftin,3881.73,Accounting,51
Juli,Baldoni,2122.58,Business Development,47
Malina,Greeves,3554.45,Marketing,43
Cyb,Bassett,1887.44,Product Management,52
Leyla,Reitenbach,3878.84,Research and Development,53
Dominic,Tearle,3525.04,Business Development,46
Zuzana,Scoates,2667.27,Training,48
Sherwynd,Sisselot,2637.37,Human Resources,55
Wrennie,Wyke,2989.24,Training,47
Andie,McGarrahan,2841.25,Business Development,53
Kala,Landells,1377.72,Accounting,54
Adelheid,McGonigal,2992.32,Business Development,57
El,Nudde,2453.05,Human Resources,56
Deane,Lazenby,2915.57,Services,41
Spike,Dyson,2923.67,Research and Development,41
Francoise,Trunby,1768.41,Training,48
Kenton,Bedome,2987.21,Business Development,44
Aleen,Spinello,2721.0,Services,54
Tabina,Skeech,3041.7,Support,49
Dianemarie,Gresch,2028.05,Research and Development,54
Kariotta,Parkey,3416.78,Product Management,41
Kendell,Lillegard,2391.34,Sales,50
Davina,Eefting,3973.26,Business Development,47
Barrie,Champe,1542.34,Human Resources,47
Mamie,Boulter,1403.82,Services,60
Abraham,Peaddie,1589.3,Product Management,44
Mitchael,Cheetham,3224.51,Research and Development,47
Horacio,Mossop,3853.72,Sales,41
Matt,Hould,2266.08,Training,41
Renard,Haton,1716.54,Business Development,53
Derril,Caughtry,1763.78,Product Management,52
Chere,Jessep,3372.06,Accounting,50
Eward,De La Cote,1452.86,Marketing,58
Demetria,Domini,3209.91,Marketing,57
Mattheus,Norvell,2139.96,Marketing,42
Mallissa,McKerron,2863.98,Human Resources,53
Ancell,Renol,2236.26,Marketing,41
Sidney,Walesby,1193.56,Sales,57
Darb,Edgeson,2476.57,Legal,45
Gwen,Moreinu,3763.6,Training,57
Flora,Fealty,3884.41,Services,59
Augusto,Luby,3670.64,Legal,49
Fionnula,Stopher,3357.71,Training,41
Sibyl,Duthie,3302.02,Marketing,55
Allie,Blanchflower,2033.68,Engineering,42
Maurice,Foldes,1343.3,Services,47
Ethel,Bwy,2893.42,Sales,41
Mareah,Chiene,3188.74,Marketing,49
Sasha,Gabits,2658.56,Business Development,58
Ali,Crame,2931.31,Business Development,47
Marshall,Cuell,3361.99,Engineering,50
Una,Eriksson,1275.36,Product Management,59
Sandro,Jedrzejczyk,3749.72,Support,42
Allene,Pover,1869.53,Research and Development,43
Tedmund,Meaton,1417.69,Accounting,47
Nolana,Willavize,3601.2,Marketing,41
Carry,Tregonna,3858.87,Human Resources,48
Vanni,Moles,2653.67,Business Development,57
Janith,Cheetham,2322.68,Marketing,57
Bord,Bette,3306.08,Accounting,49
Karlan,Emms,3158.84,Services,41
Jemmy,Capsey,1320.49,Accounting,50
Courtnay,Scullard,3032.65,Marketing,50
Ashlee,Enocksson,3700.19,Services,40
Querida,Joice,2945.86,Business Development,58
Jess,Swinburn,3968.64,Business Development,48
Kristi,Stut,2428.43,Business Development,54
Madelina,Gail,1453.42,Product Management,56
Tami,Chappelow,3631.17,Product Management,51
Garvy,Pinner,1452.42,Marketing,53
Peirce,Bauser,3912.95,Product Management,56
Noelle,Gilchrest,2220.07,Human Resources,59
Shepard,Cluely,2469.43,Services,47
Curtice,Everix,1766.56,Training,59
Elfrida,Nuttall,1246.18,Business Development,50
Robby,Fanshawe,2564.29,Product Management,46
Verge,Danser,3768.26,Accounting,54
Tina,Scollan,2648.77,Legal,47
Elaina,Mathan,2564.72,Product Management,44
Mavis,Snare,3173.47,Human Resources,59
Cletis,Twigge,2022.53,Training,54
Myra,Sheilds,3159.38,Engineering,59
Kellyann,Alexandrou,1268.39,Product Management,43
Patty,Purvey,3368.19,Support,40
Torre,Strelitz,1906.02,Marketing,45
Whitaker,Blaschek,1352.29,Training,50
Rivkah,Ghost,2313.1,Services,45
Britney,Gerraty,1767.41,Services,51
Tasha,Norley,3319.76,Research and Development,51
Munmro,Beachamp,2384.24,Support,48
Erik,Rossbrooke,1750.51,Research and Development,60
Fania,De Luna,3288.95,Legal,46
Jade,Burrel,1609.22,Marketing,47
Elie,Ciottoi,2069.82,Support,53